Estimate,Value
[106.16906723],100.54
[97.71187156],93.86
[91.07980564],97.63
[100.33466621],94.62
[93.14969566],100.82
[103.44725043],100.8
[101.74743899],102.07
[101.12332234],102.18
[103.35269973],105.79
[107.50165533],103.59
[103.17071083],96.54
[94.53400739],93.21
[91.09771829],84.4
[82.38646022],75.79
[72.87051425],59.29
[54.5172434],47.22
[43.76277135],50.58
[54.59445521],47.82
[51.54912553],54.45
[58.95462986],59.27
[64.9315781],59.82
[62.97546198],50.9
[48.41726187],42.87
[42.15107596],45.48
[47.95509766],46.22
[49.1035427],42.44
[42.31148048],37.19
[35.69144382],31.68
[31.75768996],30.32
[30.33401436],37.55
[43.01915398],40.75
[43.9032269],46.71
[49.13059228],48.76
[51.98924404],44.65
[43.31012554],44.72
[44.41104025],45.18
[46.49014708],49.78
[51.11311202],45.66
[45.91755701],51.97
[53.79769649],52.5
[53.43884923],53.47
[54.53150894],49.33
[46.30516986],51.06
[53.32128811],48.48
[47.66169629],45.18
[43.96234779],46.63
[47.16532623],48.04
[48.34998721],49.82
[51.59262607],51.58
[52.48928326],56.64
[58.73826893],57.88
[59.64749664],63.7
[65.49883653],62.23
[61.81826934],62.73
[61.92945534],66.25
[67.24656098],69.98
[72.4441923],67.87
[65.17012736],70.98
[71.39177191],68.06
[66.9994379],70.23
[69.8675518],70.75
[71.00160996],56.96
[51.82412028],49.52
[44.97763149],51.38
[53.02314775],54.95
[57.13742517],58.15
[59.59947251],63.86
[66.53883358],60.83
[60.04887655],54.66
[51.94343853],57.35
[57.30331385],54.81
[54.85901038],56.95
[57.34758324],53.96
[53.62843357],57.03
[58.04281715],59.88
[61.33048372],57.52
[57.25874416],50.54
[47.46580543],29.21
[20.26475508],16.55
[11.07092671],28.56
[34.64234144],38.31
[44.86821681],40.71
[42.02273674],42.34
